{"is_source_file": true, "format": "bash", "description": "This is a shell script for restoring various types of databases (SQLite, PostgreSQL, MySQL, MongoDB) from backup files. It detects backup file presence and restores accordingly, supporting multiple database systems and fallback mechanisms.", "external_files": ["database_backup.db", "database_backup.sql", "database_backup.archive"], "external_methods": ["cp", "ls", "sudo -u postgres pg_isready", "psql", "mysqladmin", "mysql", "mongosh", "mongorestore"], "published": [], "classes": [], "methods": [], "calls": ["cp", "ls", "sudo -u postgres pg_isready", "psql", "mysqladmin ping", "mysql", "mongosh --eval", "mongorestore"], "search-terms": ["restore_db.sh", "database restore script", "SQLite restore", "PostgreSQL restore", "MySQL restore", "MongoDB restore", "backup detection", "database backup files"], "state": 2, "file_id": 7, "knowledge_revision": 16, "git_revision": "cd15e0dc6de6e5f435e03e8e4df0bb34aa979960", "hash": "d42c3e6cbc3bbd627e3c08afcf4183ec", "format-version": 4, "code-base-name": "database", "filename": "database/restore_db.sh", "revision_history": [{"16": "cd15e0dc6de6e5f435e03e8e4df0bb34aa979960"}]}