{"is_source_file": true, "format": "bash", "description": "This script performs automated backups of various databases (SQLite, PostgreSQL, MySQL, MongoDB) by detecting the running database type and executing relevant backup commands.", "external_files": ["/usr/lib/postgresql/", "/var/run/mysqld/mysqld.sock"], "external_methods": ["mysqladmin", "mysql", "mysqldump", "mongosh"], "published": [], "classes": [], "methods": [], "calls": ["ls", "echo", "cp", "sudo", "pg_isready", "pg_dump", "mysqladmin", "mysql", "mysqldump", "mongosh"], "search-terms": ["backup_db.sh", "database backup script", "SQLite backup", "PostgreSQL backup", "MySQL backup", "MongoDB backup", "database detection", "database types"], "state": 2, "file_id": 8, "knowledge_revision": 14, "git_revision": "cd15e0dc6de6e5f435e03e8e4df0bb34aa979960", "hash": "d7da372b768c895a33088027314656c3", "format-version": 4, "code-base-name": "database", "filename": "database/backup_db.sh", "revision_history": [{"14": "cd15e0dc6de6e5f435e03e8e4df0bb34aa979960"}]}