{"is_source_file": true, "format": "HTML", "description": "This file is an HTML source that constructs the user interface for a web-based database visualizer. It includes styles, structure, and embedded JavaScript code to interact with backend APIs for listing databases, tables, and fetching table data for display.", "external_files": ["/api/databases", "/api/{db}/tables", "/api/{db}/tables/{tableName}/data"], "external_methods": ["fetch"], "published": [], "classes": [], "methods": [], "calls": ["fetch", "refreshDatabases()", "loadDatabases()", "toggleDatabase()", "loadTables()", "loadTableData()", "renderTable()", "renderCell()", "expandCell()"], "search-terms": ["HTML layout", "database viewer interface", "JavaScript data fetching", "interactive table rendering", "database list and table list"], "state": 2, "file_id": 1, "knowledge_revision": 13, "git_revision": "cd15e0dc6de6e5f435e03e8e4df0bb34aa979960", "hash": "ee63333a4841bf025439c755a74c9881", "format-version": 4, "code-base-name": "database", "filename": "database/db_visualizer/public/index.html", "revision_history": [{"13": "cd15e0dc6de6e5f435e03e8e4df0bb34aa979960"}]}